Year,App.,Taxon,Class,Order,Family,Genus,Importer,Exporter,Origin,Importer reported quantity,Exporter reported quantity,Term,Unit,Purpose,Source
2016,I,Loxodonta africana,Mammalia,Proboscidea,Elephantidae,Loxodonta,AE,GB,XX,,3,ivory carvings,,T,O
2016,I,Loxodonta africana,Mammalia,Proboscidea,Elephantidae,Loxodonta,AE,GB,XX,,50,piano keys,,P,O
2016,I,Loxodonta africana,Mammalia,Proboscidea,Elephantidae,Loxodonta,AE,UG,XX,,5,ivory carvings,,E,W
2016,I,Loxodonta africana,Mammalia,Proboscidea,Elephantidae,Loxodonta,AR,ZA,TZ,2,,tusks,,H,W
2016,I,Loxodonta africana,Mammalia,Proboscidea,Elephantidae,Loxodonta,AT,US,XX,,17,ivory carvings,,Q,O
2016,I,Loxodonta africana,Mammalia,Proboscidea,Elephantidae,Loxodonta,AT,ZM,,,4,tusks,,H,W
2016,I,Loxodonta africana,Mammalia,Proboscidea,Elephantidae,Loxodonta,AU,CA,XX,,1,ivory carvings,,P,O
2016,I,Loxodonta africana,Mammalia,Proboscidea,Elephantidae,Loxodonta,AU,ES,XX,,2,ivory carvings,,T,O
2016,I,Loxodonta africana,Mammalia,Proboscidea,Elephantidae,Loxodonta,AU,FR,XX,,6,ivory carvings,,Q,O
2016,I,Loxodonta africana,Mammalia,Proboscidea,Elephantidae,Loxodonta,AU,GB,XX,,36,ivory carvings,,T,O
2016,I,Loxodonta africana,Mammalia,Proboscidea,Elephantidae,Loxodonta,AU,GB,XX,,52,piano keys,,P,O
2016,I,Loxodonta africana,Mammalia,Proboscidea,Elephantidae,Loxodonta,AU,NZ,XX,,94,ivory carvings,,P,O
2016,I,Loxodonta africana,Mammalia,Proboscidea,Elephantidae,Loxodonta,AU,US,XX,,6,ivory carvings,,Q,O
2016,I,Loxodonta africana,Mammalia,Proboscidea,Elephantidae,Loxodonta,AU,US,XX,,52,piano keys,,T,O
2016,I,Loxodonta africana,Mammalia,Proboscidea,Elephantidae,Loxodonta,AU,UY,XX,,25,ivory carvings,,T,W
2016,I,Loxodonta africana,Mammalia,Proboscidea,Elephantidae,Loxodonta,BA,US,XX,,1,ivory carvings,,P,O
2016,I,Loxodonta africana,Mammalia,Proboscidea,Elephantidae,Loxodonta,BE,AD,XX,2.95,,ivory carvings,kg,P,O
2016,I,Loxodonta africana,Mammalia,Proboscidea,Elephantidae,Loxodonta,BE,CH,XX,1,,ivory carvings,,T,O
2016,I,Loxodonta africana,Mammalia,Proboscidea,Elephantidae,Loxodonta,BE,US,CD,,2,ivory carvings,,Q,O
2016,I,Loxodonta africana,Mammalia,Proboscidea,Elephantidae,Loxodonta,BE,ZA,,8,,tusks,,P,W
2016,I,Loxodonta africana,Mammalia,Proboscidea,Elephantidae,Loxodonta,BM,US,XX,,1,ivory carvings,,P,O
2016,I,Loxodonta africana,Mammalia,Proboscidea,Elephantidae,Loxodonta,BR,CA,XX,,1,ivory carvings,,T,O
2016,I,Loxodonta africana,Mammalia,Proboscidea,Elephantidae,Loxodonta,BW,DK,BW,,2,tusks,,P,O
2016,I,Loxodonta africana,Mammalia,Proboscidea,Elephantidae,Loxodonta,CA,AU,XX,2,,ivory carvings,,P,O
2016,I,Loxodonta africana,Mammalia,Proboscidea,Elephantidae,Loxodonta,CA,CM,,2,,bones,,H,W
2016,I,Loxodonta africana,Mammalia,Proboscidea,Elephantidae,Loxodonta,CA,CM,,2,,tusks,,H,W
2016,I,Loxodonta africana,Mammalia,Proboscidea,Elephantidae,Loxodonta,CA,FR,XX,,5.349,ivory carvings,kg,T,O
2016,I,Loxodonta africana,Mammalia,Proboscidea,Elephantidae,Loxodonta,CA,FR,XX,16,37,ivory carvings,,Q,O
2016,I,Loxodonta africana,Mammalia,Proboscidea,Elephantidae,Loxodonta,CA,FR,XX,,54,piano keys,,P,O
2016,I,Loxodonta africana,Mammalia,Proboscidea,Elephantidae,Loxodonta,CA,GB,XX,3,,ivory carvings,,P,O
2016,I,Loxodonta africana,Mammalia,Proboscidea,Elephantidae,Loxodonta,CA,GB,XX,,3,ivory carvings,,T,O
2016,I,Loxodonta africana,Mammalia,Proboscidea,Elephantidae,Loxodonta,CA,GB,XX,104,104,piano keys,,P,O
2016,I,Loxodonta africana,Mammalia,Proboscidea,Elephantidae,Loxodonta,CA,GB,XX,208,,piano keys,,T,O
2016,I,Loxodonta africana,Mammalia,Proboscidea,Elephantidae,Loxodonta,CA,GB,,1,,ivory carvings,,P,O
2016,I,Loxodonta africana,Mammalia,Proboscidea,Elephantidae,Loxodonta,CA,MZ,,2,,tusks,,H,W
2016,I,Loxodonta africana,Mammalia,Proboscidea,Elephantidae,Loxodonta,CA,US,TZ,6,,tusks,,L,I
2016,I,Loxodonta africana,Mammalia,Proboscidea,Elephantidae,Loxodonta,CA,US,XX,,1,ivory carvings,,Q,O
2016,I,Loxodonta africana,Mammalia,Proboscidea,Elephantidae,Loxodonta,CA,US,XX,138,52,piano keys,,P,O
2016,I,Loxodonta africana,Mammalia,Proboscidea,Elephantidae,Loxodonta,CA,US,,52,,piano keys,,P,O
2016,I,Loxodonta africana,Mammalia,Proboscidea,Elephantidae,Loxodonta,CA,ZA,ZM,2,,tusks,,H,W
2016,I,Loxodonta africana,Mammalia,Proboscidea,Elephantidae,Loxodonta,CH,AT,XX,,2,ivory carvings,,T,O
2016,I,Loxodonta africana,Mammalia,Proboscidea,Elephantidae,Loxodonta,CH,AT,XX,,52,piano keys,,T,O
2016,I,Loxodonta africana,Mammalia,Proboscidea,Elephantidae,Loxodonta,CH,BE,KE,,1,tusks,,P,O
2016,I,Loxodonta africana,Mammalia,Proboscidea,Elephantidae,Loxodonta,CH,BE,XX,,2,ivory carvings,kg,T,O
2016,I,Loxodonta africana,Mammalia,Proboscidea,Elephantidae,Loxodonta,CH,DE,SD,,1,ivory carvings,,P,W
2016,I,Loxodonta africana,Mammalia,Proboscidea,Elephantidae,Loxodonta,CH,DE,TZ,,3,ivory carvings,,T,O
2016,I,Loxodonta africana,Mammalia,Proboscidea,Elephantidae,Loxodonta,CH,DE,XX,,0.4,ivory carvings,kg,P,O
2016,I,Loxodonta africana,Mammalia,Proboscidea,Elephantidae,Loxodonta,CH,DE,XX,,18,ivory carvings,,P,O
2016,I,Loxodonta africana,Mammalia,Proboscidea,Elephantidae,Loxodonta,CH,DE,XX,,6,ivory carvings,,Q,O
2016,I,Loxodonta africana,Mammalia,Proboscidea,Elephantidae,Loxodonta,CH,DE,XX,,25,ivory carvings,,T,O
2016,I,Loxodonta africana,Mammalia,Proboscidea,Elephantidae,Loxodonta,CH,DE,XX,,0.464,ivory pieces,kg,T,O
2016,I,Loxodonta africana,Mammalia,Proboscidea,Elephantidae,Loxodonta,CH,DK,XX,,1,ivory carvings,,T,O
2016,I,Loxodonta africana,Mammalia,Proboscidea,Elephantidae,Loxodonta,CH,FR,CI,,1,ivory carvings,,T,O
2016,I,Loxodonta africana,Mammalia,Proboscidea,Elephantidae,Loxodonta,CH,FR,TZ,,4,tusks,,H,W
2016,I,Loxodonta africana,Mammalia,Proboscidea,Elephantidae,Loxodonta,CH,FR,XX,,3,ivory carvings,kg,T,O
2016,I,Loxodonta africana,Mammalia,Proboscidea,Elephantidae,Loxodonta,CH,FR,XX,,1,ivory carvings,,Q,O
2016,I,Loxodonta africana,Mammalia,Proboscidea,Elephantidae,Loxodonta,CH,FR,XX,,5,ivory carvings,,T,O
2016,I,Loxodonta africana,Mammalia,Proboscidea,Elephantidae,Loxodonta,CH,FR,XX,,106,piano keys,,P,O
2016,I,Loxodonta africana,Mammalia,Proboscidea,Elephantidae,Loxodonta,CH,FR,XX,,264,piano keys,,T,O
2016,I,Loxodonta africana,Mammalia,Proboscidea,Elephantidae,Loxodonta,CH,FR,XX,,1,tusks,,Q,O
2016,I,Loxodonta africana,Mammalia,Proboscidea,Elephantidae,Loxodonta,CH,GB,CH,,1,ivory carvings,,T,O
2016,I,Loxodonta africana,Mammalia,Proboscidea,Elephantidae,Loxodonta,CH,GB,XX,,26,ivory carvings,,T,O
2016,I,Loxodonta africana,Mammalia,Proboscidea,Elephantidae,Loxodonta,CH,IT,XX,,1,ivory carvings,,T,O
2016,I,Loxodonta africana,Mammalia,Proboscidea,Elephantidae,Loxodonta,CH,IT,XX,,1,ivory pieces,,P,O
2016,I,Loxodonta africana,Mammalia,Proboscidea,Elephantidae,Loxodonta,CH,IT,XX,,1,ivory pieces,,P,W
2016,I,Loxodonta africana,Mammalia,Proboscidea,Elephantidae,Loxodonta,CH,SG,XX,,1,ivory carvings,,Q,O
2016,I,Loxodonta africana,Mammalia,Proboscidea,Elephantidae,Loxodonta,CH,US,XX,,1,ivory carvings,,P,O
2016,I,Loxodonta africana,Mammalia,Proboscidea,Elephantidae,Loxodonta,CH,US,XX,,41,ivory carvings,,T,O
2016,I,Loxodonta africana,Mammalia,Proboscidea,Elephantidae,Loxodonta,CL,AR,,,1,ivory carvings,,,O
2016,I,Loxodonta africana,Mammalia,Proboscidea,Elephantidae,Loxodonta,CN,DE,XX,,15,ivory carvings,,P,O
2016,I,Loxodonta africana,Mammalia,Proboscidea,Elephantidae,Loxodonta,CN,DE,XX,,6,ivory carvings,,T,O
2016,I,Loxodonta africana,Mammalia,Proboscidea,Elephantidae,Loxodonta,CN,FR,XX,,7.1,ivory carvings,kg,P,O
2016,I,Loxodonta africana,Mammalia,Proboscidea,Elephantidae,Loxodonta,CN,FR,XX,2,1,ivory carvings,,P,O
2016,I,Loxodonta africana,Mammalia,Proboscidea,Elephantidae,Loxodonta,CN,FR,XX,,8.5,ivory carvings,,T,O
2016,I,Loxodonta africana,Mammalia,Proboscidea,Elephantidae,Loxodonta,CN,FR,XX,,268,piano keys,,T,O
2016,I,Loxodonta africana,Mammalia,Proboscidea,Elephantidae,Loxodonta,CN,GB,XX,,1,ivory carvings,,P,O
2016,I,Loxodonta africana,Mammalia,Proboscidea,Elephantidae,Loxodonta,CN,GB,XX,,1,ivory carvings,,Q,O
2016,I,Loxodonta africana,Mammalia,Proboscidea,Elephantidae,Loxodonta,CN,GB,XX,,172,ivory carvings,,T,O
2016,I,Loxodonta africana,Mammalia,Proboscidea,Elephantidae,Loxodonta,CN,GB,XX,,444,piano keys,,T,O
2016,I,Loxodonta africana,Mammalia,Proboscidea,Elephantidae,Loxodonta,CN,PT,XX,,1,tusks,,T,O
2016,I,Loxodonta africana,Mammalia,Proboscidea,Elephantidae,Loxodonta,CN,PT,XX,,1,tusks,,T,W
2016,I,Loxodonta africana,Mammalia,Proboscidea,Elephantidae,Loxodonta,CN,SI,CG,,1,tusks,,T,O
2016,I,Loxodonta africana,Mammalia,Proboscidea,Elephantidae,Loxodonta,CN,US,XX,,26,ivory carvings,,Q,O
2016,I,Loxodonta africana,Mammalia,Proboscidea,Elephantidae,Loxodonta,CN,US,XX,,416,piano keys,,T,O
2016,I,Loxodonta africana,Mammalia,Proboscidea,Elephantidae,Loxodonta,CN,UY,XX,6,,ivory carvings,,P,O
2016,I,Loxodonta africana,Mammalia,Proboscidea,Elephantidae,Loxodonta,CN,ZA,MZ,4,,tusks,,H,W
2016,I,Loxodonta africana,Mammalia,Proboscidea,Elephantidae,Loxodonta,DE,CH,XX,3,,ivory carvings,,P,O
2016,I,Loxodonta africana,Mammalia,Proboscidea,Elephantidae,Loxodonta,DE,CH,XX,1,,ivory carvings,,Q,O
2016,I,Loxodonta africana,Mammalia,Proboscidea,Elephantidae,Loxodonta,DE,CH,XX,9,,ivory carvings,,T,O
2016,I,Loxodonta africana,Mammalia,Proboscidea,Elephantidae,Loxodonta,DE,CH,ZA,1,,ivory carvings,,T,W
2016,I,Loxodonta africana,Mammalia,Proboscidea,Elephantidae,Loxodonta,DE,CI,,,350,bones,g,S,W
2016,I,Loxodonta africana,Mammalia,Proboscidea,Elephantidae,Loxodonta,DE,US,XX,,105,ivory carvings,,Q,O
2016,I,Loxodonta africana,Mammalia,Proboscidea,Elephantidae,Loxodonta,DE,US,,1,,ivory carvings,,P,O
2016,I,Loxodonta africana,Mammalia,Proboscidea,Elephantidae,Loxodonta,DE,VE,XX,,52,piano keys,,P,O
2016,I,Loxodonta africana,Mammalia,Proboscidea,Elephantidae,Loxodonta,DK,NO,XX,3,,ivory carvings,kg,P,O
2016,I,Loxodonta africana,Mammalia,Proboscidea,Elephantidae,Loxodonta,EG,AE,XX,,1,tusks,,E,W
2016,I,Loxodonta africana,Mammalia,Proboscidea,Elephantidae,Loxodonta,ES,US,XX,,1,ivory carvings,,P,O
2016,I,Loxodonta africana,Mammalia,Proboscidea,Elephantidae,Loxodonta,ES,VE,XX,,1,ivory carvings,,T,O
2016,I,Loxodonta africana,Mammalia,Proboscidea,Elephantidae,Loxodonta,ET,AE,XX,,4,ivory pieces,,E,W
2016,I,Loxodonta africana,Mammalia,Proboscidea,Elephantidae,Loxodonta,ET,AE,XX,,1,tusks,,E,W
2016,I,Loxodonta africana,Mammalia,Proboscidea,Elephantidae,Loxodonta,FI,NZ,XX,1,8,ivory carvings,,P,O
2016,I,Loxodonta africana,Mammalia,Proboscidea,Elephantidae,Loxodonta,FI,US,XX,,28,ivory carvings,,Q,O
2016,I,Loxodonta africana,Mammalia,Proboscidea,Elephantidae,Loxodonta,FR,CA,XX,26,37,ivory carvings,,Q,O
2016,I,Loxodonta africana,Mammalia,Proboscidea,Elephantidae,Loxodonta,FR,CH,XX,1,,ivory carvings,,P,O
2016,I,Loxodonta africana,Mammalia,Proboscidea,Elephantidae,Loxodonta,FR,CH,XX,1,,ivory carvings,,Q,O
2016,I,Loxodonta africana,Mammalia,Proboscidea,Elephantidae,Loxodonta,FR,CH,XX,19.5,,ivory carvings,,T,O
2016,I,Loxodonta africana,Mammalia,Proboscidea,Elephantidae,Loxodonta,FR,CH,ZA,52,,piano keys,,P,W
2016,I,Loxodonta africana,Mammalia,Proboscidea,Elephantidae,Loxodonta,FR,JP,XX,88.5,88.5,ivory carvings,,Q,O
2016,I,Loxodonta africana,Mammalia,Proboscidea,Elephantidae,Loxodonta,FR,KR,XX,3,,ivory carvings,,Q,O
2016,I,Loxodonta africana,Mammalia,Proboscidea,Elephantidae,Loxodonta,FR,MX,XX,19,,ivory carvings,,Q,O
2016,I,Loxodonta africana,Mammalia,Proboscidea,Elephantidae,Loxodonta,FR,RU,XX,15,,ivory carvings,,Q,O
2016,I,Loxodonta africana,Mammalia,Proboscidea,Elephantidae,Loxodonta,FR,SG,XX,14,,ivory carvings,,Q,O
2016,I,Loxodonta africana,Mammalia,Proboscidea,Elephantidae,Loxodonta,FR,US,KE,,52,piano keys,,P,O
2016,I,Loxodonta africana,Mammalia,Proboscidea,Elephantidae,Loxodonta,FR,US,XX,,1,ivory carvings,,P,O
2016,I,Loxodonta africana,Mammalia,Proboscidea,Elephantidae,Loxodonta,FR,US,XX,,2,ivory carvings,,Q,O
2016,I,Loxodonta africana,Mammalia,Proboscidea,Elephantidae,Loxodonta,FR,US,XX,,52,piano keys,,P,O
2016,I,Loxodonta africana,Mammalia,Proboscidea,Elephantidae,Loxodonta,FR,ZA,XX,1,,ivory carvings,,P,O
2016,I,Loxodonta africana,Mammalia,Proboscidea,Elephantidae,Loxodonta,GB,AU,XX,14,,ivory carvings,,Q,O
2016,I,Loxodonta africana,Mammalia,Proboscidea,Elephantidae,Loxodonta,GB,AU,XX,2,,ivory carvings,,T,O
2016,I,Loxodonta africana,Mammalia,Proboscidea,Elephantidae,Loxodonta,GB,AU,XX,52,,piano keys,,P,O
2016,I,Loxodonta africana,Mammalia,Proboscidea,Elephantidae,Loxodonta,GB,CA,XX,,3,ivory carvings,,Q,O
2016,I,Loxodonta africana,Mammalia,Proboscidea,Elephantidae,Loxodonta,GB,CA,XX,,1,ivory carvings,,T,O
2016,I,Loxodonta africana,Mammalia,Proboscidea,Elephantidae,Loxodonta,GB,CH,XX,1,,ivory carvings,,Q,O
2016,I,Loxodonta africana,Mammalia,Proboscidea,Elephantidae,Loxodonta,GB,CH,XX,1,,ivory carvings,,T,O
2016,I,Loxodonta africana,Mammalia,Proboscidea,Elephantidae,Loxodonta,GB,CN,XX,5,,ivory carvings,,T,O
2016,I,Loxodonta africana,Mammalia,Proboscidea,Elephantidae,Loxodonta,GB,GG,XX,,9,ivory carvings,,T,O
2016,I,Loxodonta africana,Mammalia,Proboscidea,Elephantidae,Loxodonta,GB,HK,XX,,5,ivory carvings,,T,O
2016,I,Loxodonta africana,Mammalia,Proboscidea,Elephantidae,Loxodonta,GB,JE,XX,,1,ivory carvings,,T,O
2016,I,Loxodonta africana,Mammalia,Proboscidea,Elephantidae,Loxodonta,GB,JP,XX,,0.5,ivory carvings,,P,O
2016,I,Loxodonta africana,Mammalia,Proboscidea,Elephantidae,Loxodonta,GB,JP,XX,11,6,ivory carvings,,Q,O
2016,I,Loxodonta africana,Mammalia,Proboscidea,Elephantidae,Loxodonta,GB,KE,XX,,0.4,ivory carvings,kg,P,W
2016,I,Loxodonta africana,Mammalia,Proboscidea,Elephantidae,Loxodonta,GB,KE,XX,,50,piano keys,,P,W
2016,I,Loxodonta africana,Mammalia,Proboscidea,Elephantidae,Loxodonta,GB,LB,XX,,1,ivory carvings,,T,O
2016,I,Loxodonta africana,Mammalia,Proboscidea,Elephantidae,Loxodonta,GB,NZ,XX,,29,ivory carvings,,P,O
2016,I,Loxodonta africana,Mammalia,Proboscidea,Elephantidae,Loxodonta,GB,NZ,XX,,52,piano keys,,P,O
2016,I,Loxodonta africana,Mammalia,Proboscidea,Elephantidae,Loxodonta,GB,SG,XX,3,3,ivory carvings,,Q,O
2016,I,Loxodonta africana,Mammalia,Proboscidea,Elephantidae,Loxodonta,GB,TR,XX,1,,ivory carvings,,T,O
2016,I,Loxodonta africana,Mammalia,Proboscidea,Elephantidae,Loxodonta,GB,TR,XX,,1,ivory pieces,,T,W
2016,I,Loxodonta africana,Mammalia,Proboscidea,Elephantidae,Loxodonta,GB,US,XX,48,63,ivory carvings,,P,O
2016,I,Loxodonta africana,Mammalia,Proboscidea,Elephantidae,Loxodonta,GB,US,XX,,20,ivory carvings,,Q,O
2016,I,Loxodonta africana,Mammalia,Proboscidea,Elephantidae,Loxodonta,GB,US,XX,9,9,ivory carvings,,T,O
2016,I,Loxodonta africana,Mammalia,Proboscidea,Elephantidae,Loxodonta,GB,UY,XX,110,,ivory carvings,,T,O
2016,I,Loxodonta africana,Mammalia,Proboscidea,Elephantidae,Loxodonta,GB,UY,XX,,111,ivory carvings,,T,W
2016,I,Loxodonta africana,Mammalia,Proboscidea,Elephantidae,Loxodonta,GB,VE,XX,,1,ivory carvings,,T,O
2016,I,Loxodonta africana,Mammalia,Proboscidea,Elephantidae,Loxodonta,GB,ZA,,1,,tusks,,P,W
2016,I,Loxodonta africana,Mammalia,Proboscidea,Elephantidae,Loxodonta,GL,DK,KE,,3,ivory carvings,,P,O
2016,I,Loxodonta africana,Mammalia,Proboscidea,Elephantidae,Loxodonta,HK,AT,XX,1,,ivory carvings,,T,O
2016,I,Loxodonta africana,Mammalia,Proboscidea,Elephantidae,Loxodonta,HK,AT,XX,,52,piano keys,,P,O
2016,I,Loxodonta africana,Mammalia,Proboscidea,Elephantidae,Loxodonta,HK,BE,AO,3,3,tusks,,T,O
2016,I,Loxodonta africana,Mammalia,Proboscidea,Elephantidae,Loxodonta,HK,BE,BF,2,2,tusks,,T,O
2016,I,Loxodonta africana,Mammalia,Proboscidea,Elephantidae,Loxodonta,HK,BE,CD,,115.46,ivory carvings,kg,T,O
2016,I,Loxodonta africana,Mammalia,Proboscidea,Elephantidae,Loxodonta,HK,BE,CD,3,,ivory carvings,,T,O
2016,I,Loxodonta africana,Mammalia,Proboscidea,Elephantidae,Loxodonta,HK,BE,CD,49,51,tusks,,T,O
2016,I,Loxodonta africana,Mammalia,Proboscidea,Elephantidae,Loxodonta,HK,BE,CF,12,12,tusks,,T,O
2016,I,Loxodonta africana,Mammalia,Proboscidea,Elephantidae,Loxodonta,HK,BE,CG,13,2,tusks,,T,O
2016,I,Loxodonta africana,Mammalia,Proboscidea,Elephantidae,Loxodonta,HK,BE,CI,,2.7,ivory carvings,kg,T,O
2016,I,Loxodonta africana,Mammalia,Proboscidea,Elephantidae,Loxodonta,HK,BE,CI,24,25,tusks,,T,O
2016,I,Loxodonta africana,Mammalia,Proboscidea,Elephantidae,Loxodonta,HK,BE,CM,,3.8,ivory carvings,kg,T,O
2016,I,Loxodonta africana,Mammalia,Proboscidea,Elephantidae,Loxodonta,HK,BE,CM,2,,ivory carvings,,T,O
2016,I,Loxodonta africana,Mammalia,Proboscidea,Elephantidae,Loxodonta,HK,BE,CM,5,5,tusks,,T,O
2016,I,Loxodonta africana,Mammalia,Proboscidea,Elephantidae,Loxodonta,HK,BE,GA,10,9,tusks,,T,O
2016,I,Loxodonta africana,Mammalia,Proboscidea,Elephantidae,Loxodonta,HK,BE,KE,,7.82,ivory carvings,kg,T,O
2016,I,Loxodonta africana,Mammalia,Proboscidea,Elephantidae,Loxodonta,HK,BE,KE,16,10,tusks,,T,O
2016,I,Loxodonta africana,Mammalia,Proboscidea,Elephantidae,Loxodonta,HK,BE,LR,1,,tusks,,T,O
2016,I,Loxodonta africana,Mammalia,Proboscidea,Elephantidae,Loxodonta,HK,BE,LY,,1,tusks,,T,O
2016,I,Loxodonta africana,Mammalia,Proboscidea,Elephantidae,Loxodonta,HK,BE,RW,4,1,tusks,,T,O
2016,I,Loxodonta africana,Mammalia,Proboscidea,Elephantidae,Loxodonta,HK,BE,SD,2,2,tusks,,T,O
2016,I,Loxodonta africana,Mammalia,Proboscidea,Elephantidae,Loxodonta,HK,BE,SL,1,1,tusks,,T,O
2016,I,Loxodonta africana,Mammalia,Proboscidea,Elephantidae,Loxodonta,HK,BE,SO,2,2,tusks,,T,O
2016,I,Loxodonta africana,Mammalia,Proboscidea,Elephantidae,Loxodonta,HK,BE,TD,17,19,tusks,,T,O
2016,I,Loxodonta africana,Mammalia,Proboscidea,Elephantidae,Loxodonta,HK,BE,TZ,8,8,tusks,,T,O
2016,I,Loxodonta africana,Mammalia,Proboscidea,Elephantidae,Loxodonta,HK,BE,XX,2.7,,ivory carvings,kg,T,O
2016,I,Loxodonta africana,Mammalia,Proboscidea,Elephantidae,Loxodonta,HK,BE,XX,53,44,tusks,,T,O
2016,I,Loxodonta africana,Mammalia,Proboscidea,Elephantidae,Loxodonta,HK,BE,ZM,2,2,tusks,,T,O
2016,I,Loxodonta africana,Mammalia,Proboscidea,Elephantidae,Loxodonta,HK,CA,TZ,6,6,tusks,,T,O
2016,I,Loxodonta africana,Mammalia,Proboscidea,Elephantidae,Loxodonta,HK,CH,XX,3,,tusks,,T,O
2016,I,Loxodonta africana,Mammalia,Proboscidea,Elephantidae,Loxodonta,HK,DE,XX,15,,ivory carvings,,T,O
2016,I,Loxodonta africana,Mammalia,Proboscidea,Elephantidae,Loxodonta,HK,ES,AO,15.8,,ivory carvings,kg,T,O
2016,I,Loxodonta africana,Mammalia,Proboscidea,Elephantidae,Loxodonta,HK,ES,AO,,1,ivory carvings,,T,O
2016,I,Loxodonta africana,Mammalia,Proboscidea,Elephantidae,Loxodonta,HK,ES,AO,12,12,tusks,,T,O
2016,I,Loxodonta africana,Mammalia,Proboscidea,Elephantidae,Loxodonta,HK,ES,CF,5,5,tusks,,T,O
2016,I,Loxodonta africana,Mammalia,Proboscidea,Elephantidae,Loxodonta,HK,ES,GA,2,2,tusks,,T,O
2016,I,Loxodonta africana,Mammalia,Proboscidea,Elephantidae,Loxodonta,HK,ES,GN,2,2,tusks,,T,O
2016,I,Loxodonta africana,Mammalia,Proboscidea,Elephantidae,Loxodonta,HK,ES,GQ,4,4,tusks,,T,O
2016,I,Loxodonta africana,Mammalia,Proboscidea,Elephantidae,Loxodonta,HK,ES,KE,4,2,tusks,,T,O
2016,I,Loxodonta africana,Mammalia,Proboscidea,Elephantidae,Loxodonta,HK,ES,MZ,4,4,tusks,,T,O
2016,I,Loxodonta africana,Mammalia,Proboscidea,Elephantidae,Loxodonta,HK,ES,TD,2,2,tusks,,T,O
2016,I,Loxodonta africana,Mammalia,Proboscidea,Elephantidae,Loxodonta,HK,ES,TZ,2,2,tusks,,T,O
2016,I,Loxodonta africana,Mammalia,Proboscidea,Elephantidae,Loxodonta,HK,ES,XX,25,25,tusks,,T,O
2016,I,Loxodonta africana,Mammalia,Proboscidea,Elephantidae,Loxodonta,HK,FR,XX,60,48,ivory carvings,,T,O
2016,I,Loxodonta africana,Mammalia,Proboscidea,Elephantidae,Loxodonta,HK,GB,XX,225,,ivory carvings,,T,O
2016,I,Loxodonta africana,Mammalia,Proboscidea,Elephantidae,Loxodonta,HK,LT,CF,2,,tusks,,T,O
2016,I,Loxodonta africana,Mammalia,Proboscidea,Elephantidae,Loxodonta,HK,LT,XX,,2,tusks,,T,O
2016,I,Loxodonta africana,Mammalia,Proboscidea,Elephantidae,Loxodonta,HK,PT,AO,1,1,tusks,,T,O
2016,I,Loxodonta africana,Mammalia,Proboscidea,Elephantidae,Loxodonta,HK,PT,KE,1,1,tusks,,T,O
2016,I,Loxodonta africana,Mammalia,Proboscidea,Elephantidae,Loxodonta,HK,PT,MZ,,2,ivory carvings,,T,O
2016,I,Loxodonta africana,Mammalia,Proboscidea,Elephantidae,Loxodonta,HK,PT,MZ,24,22,tusks,,T,O
2016,I,Loxodonta africana,Mammalia,Proboscidea,Elephantidae,Loxodonta,HK,PT,XX,3,3,ivory carvings,,T,O
2016,I,Loxodonta africana,Mammalia,Proboscidea,Elephantidae,Loxodonta,HK,PT,XX,49,53,tusks,,T,O
2016,I,Loxodonta africana,Mammalia,Proboscidea,Elephantidae,Loxodonta,HK,SI,CF,4,4,tusks,,T,O
2016,I,Loxodonta africana,Mammalia,Proboscidea,Elephantidae,Loxodonta,HK,SI,KE,2,2,tusks,,T,O
2016,I,Loxodonta africana,Mammalia,Proboscidea,Elephantidae,Loxodonta,HK,SI,XX,4,4,tusks,,T,O
2016,I,Loxodonta africana,Mammalia,Proboscidea,Elephantidae,Loxodonta,HK,US,XX,,66,ivory carvings,,Q,O
2016,I,Loxodonta africana,Mammalia,Proboscidea,Elephantidae,Loxodonta,HK,US,XX,,1,ivory carvings,,T,I
2016,I,Loxodonta africana,Mammalia,Proboscidea,Elephantidae,Loxodonta,HK,US,XX,2,,ivory carvings,,T,O
2016,I,Loxodonta africana,Mammalia,Proboscidea,Elephantidae,Loxodonta,HK,US,XX,,52,piano keys,,T,I
2016,I,Loxodonta africana,Mammalia,Proboscidea,Elephantidae,Loxodonta,HK,ZA,,2,,tusks,,T,O
2016,I,Loxodonta africana,Mammalia,Proboscidea,Elephantidae,Loxodonta,IN,GB,XX,,7,ivory carvings,,T,O
2016,I,Loxodonta africana,Mammalia,Proboscidea,Elephantidae,Loxodonta,IN,RU,ZA,1,,ivory carvings,,E,O
2016,I,Loxodonta africana,Mammalia,Proboscidea,Elephantidae,Loxodonta,IT,US,XX,,2,ivory carvings,,Q,O
2016,I,Loxodonta africana,Mammalia,Proboscidea,Elephantidae,Loxodonta,IT,US,XX,,1,ivory carvings,,T,O
2016,I,Loxodonta africana,Mammalia,Proboscidea,Elephantidae,Loxodonta,IT,ZM,,,2,tusks,,H,W
2016,I,Loxodonta africana,Mammalia,Proboscidea,Elephantidae,Loxodonta,JO,AE,XX,,2,ivory pieces,,E,W
2016,I,Loxodonta africana,Mammalia,Proboscidea,Elephantidae,Loxodonta,JO,AE,XX,,1,tusks,,E,W
2016,I,Loxodonta africana,Mammalia,Proboscidea,Elephantidae,Loxodonta,JP,BE,TZ,,0.4,ivory carvings,kg,T,O
2016,I,Loxodonta africana,Mammalia,Proboscidea,Elephantidae,Loxodonta,JP,BE,TZ,1,,ivory carvings,,T,O
2016,I,Loxodonta africana,Mammalia,Proboscidea,Elephantidae,Loxodonta,JP,DE,TZ,1,3,ivory carvings,,P,O
2016,I,Loxodonta africana,Mammalia,Proboscidea,Elephantidae,Loxodonta,JP,DE,TZ,6,5,ivory carvings,,T,O
2016,I,Loxodonta africana,Mammalia,Proboscidea,Elephantidae,Loxodonta,JP,DE,TZ,1,,ivory pieces,,T,O
2016,I,Loxodonta africana,Mammalia,Proboscidea,Elephantidae,Loxodonta,JP,DE,XX,,0.4,ivory carvings,kg,T,O
2016,I,Loxodonta africana,Mammalia,Proboscidea,Elephantidae,Loxodonta,JP,DE,XX,,1,ivory carvings,,P,O
2016,I,Loxodonta africana,Mammalia,Proboscidea,Elephantidae,Loxodonta,JP,DE,XX,,1,ivory carvings,,P,W
2016,I,Loxodonta africana,Mammalia,Proboscidea,Elephantidae,Loxodonta,JP,DE,XX,49,50,ivory carvings,,T,O
2016,I,Loxodonta africana,Mammalia,Proboscidea,Elephantidae,Loxodonta,JP,DE,ZA,1,1,ivory carvings,,T,O
2016,I,Loxodonta africana,Mammalia,Proboscidea,Elephantidae,Loxodonta,JP,FR,XX,93,84.5,ivory carvings,,Q,O
2016,I,Loxodonta africana,Mammalia,Proboscidea,Elephantidae,Loxodonta,JP,FR,XX,1,1,ivory carvings,,T,O
2016,I,Loxodonta africana,Mammalia,Proboscidea,Elephantidae,Loxodonta,JP,GB,GB,,2,ivory carvings,,Q,O
2016,I,Loxodonta africana,Mammalia,Proboscidea,Elephantidae,Loxodonta,JP,GB,XX,1,,ivory carvings,,P,O
2016,I,Loxodonta africana,Mammalia,Proboscidea,Elephantidae,Loxodonta,JP,GB,XX,9,9,ivory carvings,,Q,O
2016,I,Loxodonta africana,Mammalia,Proboscidea,Elephantidae,Loxodonta,JP,GB,XX,11,2,ivory carvings,,T,O
2016,I,Loxodonta africana,Mammalia,Proboscidea,Elephantidae,Loxodonta,JP,GB,XX,,43,piano keys,,P,O
2016,I,Loxodonta africana,Mammalia,Proboscidea,Elephantidae,Loxodonta,JP,GB,XX,,47,piano keys,,T,O
2016,I,Loxodonta africana,Mammalia,Proboscidea,Elephantidae,Loxodonta,JP,GB,,2,,ivory carvings,,Q,O
2016,I,Loxodonta africana,Mammalia,Proboscidea,Elephantidae,Loxodonta,JP,PL,NA,1,,ivory carvings,,T,O
2016,I,Loxodonta africana,Mammalia,Proboscidea,Elephantidae,Loxodonta,JP,PL,NA,,52,piano keys,,T,O
2016,I,Loxodonta africana,Mammalia,Proboscidea,Elephantidae,Loxodonta,JP,PL,XX,2,,ivory carvings,,T,O
2016,I,Loxodonta africana,Mammalia,Proboscidea,Elephantidae,Loxodonta,JP,PL,XX,,260,piano keys,,T,O
2016,I,Loxodonta africana,Mammalia,Proboscidea,Elephantidae,Loxodonta,JP,RO,XX,1,,ivory carvings,,P,O
2016,I,Loxodonta africana,Mammalia,Proboscidea,Elephantidae,Loxodonta,JP,RO,XX,,52,piano keys,,P,O
2016,I,Loxodonta africana,Mammalia,Proboscidea,Elephantidae,Loxodonta,JP,US,XX,,1,ivory carvings,,P,I
2016,I,Loxodonta africana,Mammalia,Proboscidea,Elephantidae,Loxodonta,JP,US,XX,115,,ivory carvings,,Q,O
2016,I,Loxodonta africana,Mammalia,Proboscidea,Elephantidae,Loxodonta,KE,NL,XX,,4.336,ivory pieces,kg,L,I
2016,I,Loxodonta africana,Mammalia,Proboscidea,Elephantidae,Loxodonta,KE,NL,,4.33,,ivory pieces,kg,L,
2016,I,Loxodonta africana,Mammalia,Proboscidea,Elephantidae,Loxodonta,KH,DE,XX,,1,ivory carvings,,P,O
2016,I,Loxodonta africana,Mammalia,Proboscidea,Elephantidae,Loxodonta,KR,DE,XX,,1,ivory carvings,,T,O
2016,I,Loxodonta africana,Mammalia,Proboscidea,Elephantidae,Loxodonta,KR,DK,XX,,0.716,ivory carvings,kg,T,O
2016,I,Loxodonta africana,Mammalia,Proboscidea,Elephantidae,Loxodonta,KR,FR,XX,,4,ivory carvings,,Q,O
2016,I,Loxodonta africana,Mammalia,Proboscidea,Elephantidae,Loxodonta,KR,US,NA,,52,piano keys,,P,I
2016,I,Loxodonta africana,Mammalia,Proboscidea,Elephantidae,Loxodonta,KR,US,NA,,52,piano keys,,P,O
2016,I,Loxodonta africana,Mammalia,Proboscidea,Elephantidae,Loxodonta,KR,US,XX,,26,ivory carvings,,Q,O
2016,I,Loxodonta africana,Mammalia,Proboscidea,Elephantidae,Loxodonta,LB,DE,SD,,1,ivory carvings,,P,W
2016,I,Loxodonta africana,Mammalia,Proboscidea,Elephantidae,Loxodonta,LB,UY,XX,,1,ivory carvings,,T,W
2016,I,Loxodonta africana,Mammalia,Proboscidea,Elephantidae,Loxodonta,MC,CH,XX,1,,ivory carvings,,P,O
2016,I,Loxodonta africana,Mammalia,Proboscidea,Elephantidae,Loxodonta,MC,UY,XX,3,,ivory carvings,,T,O
2016,I,Loxodonta africana,Mammalia,Proboscidea,Elephantidae,Loxodonta,MC,UY,XX,,1,ivory carvings,,T,W
2016,I,Loxodonta africana,Mammalia,Proboscidea,Elephantidae,Loxodonta,MX,ES,XX,,2,ivory carvings,,Q,O
2016,I,Loxodonta africana,Mammalia,Proboscidea,Elephantidae,Loxodonta,MX,FR,XX,,5,ivory carvings,,T,O
2016,I,Loxodonta africana,Mammalia,Proboscidea,Elephantidae,Loxodonta,MX,GB,XX,,2668,piano keys,,T,O
2016,I,Loxodonta africana,Mammalia,Proboscidea,Elephantidae,Loxodonta,MX,US,XX,,1,ivory carvings,,P,O
2016,I,Loxodonta africana,Mammalia,Proboscidea,Elephantidae,Loxodonta,MY,GB,XX,10,11,ivory carvings,,T,O
2016,I,Loxodonta africana,Mammalia,Proboscidea,Elephantidae,Loxodonta,MY,GB,,1,,ivory carvings,,T,O
2016,I,Loxodonta africana,Mammalia,Proboscidea,Elephantidae,Loxodonta,NL,AU,XX,5,,ivory carvings,,P,O
2016,I,Loxodonta africana,Mammalia,Proboscidea,Elephantidae,Loxodonta,NL,US,XX,,48,ivory carvings,,Q,O
2016,I,Loxodonta africana,Mammalia,Proboscidea,Elephantidae,Loxodonta,NL,ZA,TZ,2,,tusks,,H,W
2016,I,Loxodonta africana,Mammalia,Proboscidea,Elephantidae,Loxodonta,NO,GB,XX,1,1,ivory carvings,,T,O
2016,I,Loxodonta africana,Mammalia,Proboscidea,Elephantidae,Loxodonta,NO,GB,XX,,104,piano keys,,T,O
2016,I,Loxodonta africana,Mammalia,Proboscidea,Elephantidae,Loxodonta,NO,GB,,1,,tusks,,P,O
2016,I,Loxodonta africana,Mammalia,Proboscidea,Elephantidae,Loxodonta,NO,US,XX,,2,ivory carvings,,P,O
2016,I,Loxodonta africana,Mammalia,Proboscidea,Elephantidae,Loxodonta,NZ,CA,XX,,2,ivory carvings,,P,O
2016,I,Loxodonta africana,Mammalia,Proboscidea,Elephantidae,Loxodonta,NZ,DE,XX,,1,ivory carvings,,P,O
2016,I,Loxodonta africana,Mammalia,Proboscidea,Elephantidae,Loxodonta,NZ,DE,,52,,piano keys,,P,O
2016,I,Loxodonta africana,Mammalia,Proboscidea,Elephantidae,Loxodonta,NZ,FR,HK,10,,ivory carvings,,P,O
2016,I,Loxodonta africana,Mammalia,Proboscidea,Elephantidae,Loxodonta,NZ,FR,XX,13,,ivory carvings,,P,O
2016,I,Loxodonta africana,Mammalia,Proboscidea,Elephantidae,Loxodonta,NZ,FR,XX,,2,ivory carvings,,P,U
2016,I,Loxodonta africana,Mammalia,Proboscidea,Elephantidae,Loxodonta,NZ,GB,XX,1,1,ivory carvings,,P,O
2016,I,Loxodonta africana,Mammalia,Proboscidea,Elephantidae,Loxodonta,NZ,GB,XX,,3,ivory carvings,,T,O
2016,I,Loxodonta africana,Mammalia,Proboscidea,Elephantidae,Loxodonta,NZ,GB,XX,,52,piano keys,,P,O
2016,I,Loxodonta africana,Mammalia,Proboscidea,Elephantidae,Loxodonta,NZ,GB,,2,,ivory carvings,,T,O
2016,I,Loxodonta africana,Mammalia,Proboscidea,Elephantidae,Loxodonta,NZ,HK,XX,0.001,,ivory pieces,kg,L,I
2016,I,Loxodonta africana,Mammalia,Proboscidea,Elephantidae,Loxodonta,NZ,HK,,0.0023,,ivory pieces,kg,L,I
2016,I,Loxodonta africana,Mammalia,Proboscidea,Elephantidae,Loxodonta,NZ,US,XX,,52,piano keys,,P,O
2016,I,Loxodonta africana,Mammalia,Proboscidea,Elephantidae,Loxodonta,NZ,ZA,MZ,6,,tusks,,P,O
2016,I,Loxodonta africana,Mammalia,Proboscidea,Elephantidae,Loxodonta,NZ,ZA,,2,,tusks,,H,W
2016,I,Loxodonta africana,Mammalia,Proboscidea,Elephantidae,Loxodonta,OM,GB,XX,,1,ivory carvings,,T,O
2016,I,Loxodonta africana,Mammalia,Proboscidea,Elephantidae,Loxodonta,PE,DE,ZW,,1,ivory carvings,,P,W
2016,I,Loxodonta africana,Mammalia,Proboscidea,Elephantidae,Loxodonta,PG,NZ,XX,,39,ivory carvings,,P,O
2016,I,Loxodonta africana,Mammalia,Proboscidea,Elephantidae,Loxodonta,PH,ES,XX,,3,ivory carvings,,T,O
2016,I,Loxodonta africana,Mammalia,Proboscidea,Elephantidae,Loxodonta,PH,FR,XX,,2,ivory carvings,,T,O
2016,I,Loxodonta africana,Mammalia,Proboscidea,Elephantidae,Loxodonta,PH,HK,XX,,1,ivory carvings,,T,O
2016,I,Loxodonta africana,Mammalia,Proboscidea,Elephantidae,Loxodonta,PH,HK,XX,52,,piano keys,,P,O
2016,I,Loxodonta africana,Mammalia,Proboscidea,Elephantidae,Loxodonta,PL,US,XX,,4,ivory carvings,,P,O
2016,I,Loxodonta africana,Mammalia,Proboscidea,Elephantidae,Loxodonta,PL,ZM,,,5,tusks,,,W
2016,I,Loxodonta africana,Mammalia,Proboscidea,Elephantidae,Loxodonta,PT,AD,XX,1,,ivory carvings,,P,O
2016,I,Loxodonta africana,Mammalia,Proboscidea,Elephantidae,Loxodonta,PT,US,AO,,2,ivory carvings,,E,O
2016,I,Loxodonta africana,Mammalia,Proboscidea,Elephantidae,Loxodonta,PT,US,AO,,2,ivory carvings,,Q,O
2016,I,Loxodonta africana,Mammalia,Proboscidea,Elephantidae,Loxodonta,RU,AT,XX,,2,ivory carvings,,T,O
2016,I,Loxodonta africana,Mammalia,Proboscidea,Elephantidae,Loxodonta,RU,DE,XX,,2,ivory carvings,,T,O
2016,I,Loxodonta africana,Mammalia,Proboscidea,Elephantidae,Loxodonta,RU,FR,CD,,3.1,ivory carvings,kg,T,O
2016,I,Loxodonta africana,Mammalia,Proboscidea,Elephantidae,Loxodonta,RU,FR,XX,,15,ivory carvings,,Q,O
2016,I,Loxodonta africana,Mammalia,Proboscidea,Elephantidae,Loxodonta,RU,GB,XX,,2,ivory carvings,,T,O
2016,I,Loxodonta africana,Mammalia,Proboscidea,Elephantidae,Loxodonta,RU,GR,XX,,2,ivory carvings,,Q,O
2016,I,Loxodonta africana,Mammalia,Proboscidea,Elephantidae,Loxodonta,RU,IN,ZA,,1,ivory carvings,,E,O
2016,I,Loxodonta africana,Mammalia,Proboscidea,Elephantidae,Loxodonta,SE,NO,CD,,12,ivory carvings,,P,O
2016,I,Loxodonta africana,Mammalia,Proboscidea,Elephantidae,Loxodonta,SE,US,XX,,52,piano keys,,P,O
2016,I,Loxodonta africana,Mammalia,Proboscidea,Elephantidae,Loxodonta,SG,CH,XX,1,,ivory carvings,,Q,O
2016,I,Loxodonta africana,Mammalia,Proboscidea,Elephantidae,Loxodonta,SG,FR,XX,,1,ivory carvings,,T,O
2016,I,Loxodonta africana,Mammalia,Proboscidea,Elephantidae,Loxodonta,SG,GB,XX,45,,ivory carvings,,P,O
2016,I,Loxodonta africana,Mammalia,Proboscidea,Elephantidae,Loxodonta,SG,GB,XX,,11,ivory carvings,,T,O
2016,I,Loxodonta africana,Mammalia,Proboscidea,Elephantidae,Loxodonta,TH,GB,XX,,150,piano keys,,P,O
2016,I,Loxodonta africana,Mammalia,Proboscidea,Elephantidae,Loxodonta,TW,DE,XX,,1,ivory carvings,,P,O
2016,I,Loxodonta africana,Mammalia,Proboscidea,Elephantidae,Loxodonta,TW,GB,XX,,2,ivory carvings,,T,O
2016,I,Loxodonta africana,Mammalia,Proboscidea,Elephantidae,Loxodonta,TW,US,XX,,33,ivory carvings,,Q,O
2016,I,Loxodonta africana,Mammalia,Proboscidea,Elephantidae,Loxodonta,TZ,US,TZ,,20,ivory pieces,g,L,I
2016,I,Loxodonta africana,Mammalia,Proboscidea,Elephantidae,Loxodonta,UA,FR,CG,,2,ivory carvings,,T,O
2016,I,Loxodonta africana,Mammalia,Proboscidea,Elephantidae,Loxodonta,UG,AE,XX,5,,ivory carvings,,E,W
2016,I,Loxodonta africana,Mammalia,Proboscidea,Elephantidae,Loxodonta,UG,AE,XX,,4,ivory pieces,,E,W
2016,I,Loxodonta africana,Mammalia,Proboscidea,Elephantidae,Loxodonta,UG,AE,XX,,1,tusks,,E,W
2016,I,Loxodonta africana,Mammalia,Proboscidea,Elephantidae,Loxodonta,US,AR,XX,52,,piano keys,,P,O
2016,I,Loxodonta africana,Mammalia,Proboscidea,Elephantidae,Loxodonta,US,AR,XX,,52,piano keys,,,O
2016,I,Loxodonta africana,Mammalia,Proboscidea,Elephantidae,Loxodonta,US,AT,XX,2,,ivory carvings,,T,I
2016,I,Loxodonta africana,Mammalia,Proboscidea,Elephantidae,Loxodonta,US,BE,CI,1,,ivory carvings,,P,O
2016,I,Loxodonta africana,Mammalia,Proboscidea,Elephantidae,Loxodonta,US,BE,XX,,0.208,ivory carvings,kg,P,O
2016,I,Loxodonta africana,Mammalia,Proboscidea,Elephantidae,Loxodonta,US,BE,XX,1,,ivory carvings,,Q,O
2016,I,Loxodonta africana,Mammalia,Proboscidea,Elephantidae,Loxodonta,US,BE,XX,2,,ivory pieces,,T,I
2016,I,Loxodonta africana,Mammalia,Proboscidea,Elephantidae,Loxodonta,US,BE,XX,52,,piano keys,,P,O
2016,I,Loxodonta africana,Mammalia,Proboscidea,Elephantidae,Loxodonta,US,BE,XX,2,,tusks,,T,I
2016,I,Loxodonta africana,Mammalia,Proboscidea,Elephantidae,Loxodonta,US,BM,XX,1,,ivory carvings,,P,O
2016,I,Loxodonta africana,Mammalia,Proboscidea,Elephantidae,Loxodonta,US,CA,CD,,2,ivory carvings,,P,O
2016,I,Loxodonta africana,Mammalia,Proboscidea,Elephantidae,Loxodonta,US,CA,KE,2,2,tusks,,P,O
2016,I,Loxodonta africana,Mammalia,Proboscidea,Elephantidae,Loxodonta,US,CA,TZ,,6,tusks,,L,I
2016,I,Loxodonta africana,Mammalia,Proboscidea,Elephantidae,Loxodonta,US,CA,XX,52,,piano keys,,P,O
2016,I,Loxodonta africana,Mammalia,Proboscidea,Elephantidae,Loxodonta,US,CA,XX,12,,tusks,,L,I
2016,I,Loxodonta africana,Mammalia,Proboscidea,Elephantidae,Loxodonta,US,CD,CM,1,,ivory carvings,,P,I
2016,I,Loxodonta africana,Mammalia,Proboscidea,Elephantidae,Loxodonta,US,CH,XX,6,,ivory carvings,,P,I
2016,I,Loxodonta africana,Mammalia,Proboscidea,Elephantidae,Loxodonta,US,CH,XX,1,,ivory carvings,,P,O
2016,I,Loxodonta africana,Mammalia,Proboscidea,Elephantidae,Loxodonta,US,CH,XX,17,,ivory carvings,,Q,O
2016,I,Loxodonta africana,Mammalia,Proboscidea,Elephantidae,Loxodonta,US,CM,XX,154,,ivory pieces,,S,I
2016,I,Loxodonta africana,Mammalia,Proboscidea,Elephantidae,Loxodonta,US,CM,,1,,ivory carvings,,P,I
2016,I,Loxodonta africana,Mammalia,Proboscidea,Elephantidae,Loxodonta,US,CN,XX,1,,ivory carvings,,P,I
2016,I,Loxodonta africana,Mammalia,Proboscidea,Elephantidae,Loxodonta,US,CN,XX,26,1,ivory carvings,,Q,O
2016,I,Loxodonta africana,Mammalia,Proboscidea,Elephantidae,Loxodonta,US,CZ,XX,6,,ivory carvings,,Q,I
2016,I,Loxodonta africana,Mammalia,Proboscidea,Elephantidae,Loxodonta,US,DE,XX,4,11,ivory carvings,,P,O
2016,I,Loxodonta africana,Mammalia,Proboscidea,Elephantidae,Loxodonta,US,DE,XX,,1,ivory carvings,,P,W
2016,I,Loxodonta africana,Mammalia,Proboscidea,Elephantidae,Loxodonta,US,DE,XX,68,,ivory carvings,,Q,O
2016,I,Loxodonta africana,Mammalia,Proboscidea,Elephantidae,Loxodonta,US,DE,XX,,2,ivory carvings,,T,O
2016,I,Loxodonta africana,Mammalia,Proboscidea,Elephantidae,Loxodonta,US,DE,XX,260,,piano keys,,P,O
2016,I,Loxodonta africana,Mammalia,Proboscidea,Elephantidae,Loxodonta,US,DE,XX,52,,piano keys,,P,U
2016,I,Loxodonta africana,Mammalia,Proboscidea,Elephantidae,Loxodonta,US,DK,XX,28,,ivory carvings,,Q,O
2016,I,Loxodonta africana,Mammalia,Proboscidea,Elephantidae,Loxodonta,US,DK,XX,36,,ivory carvings,,T,I
2016,I,Loxodonta africana,Mammalia,Proboscidea,Elephantidae,Loxodonta,US,ES,XX,1,8,ivory carvings,,P,O
2016,I,Loxodonta africana,Mammalia,Proboscidea,Elephantidae,Loxodonta,US,ES,XX,,1,ivory carvings,,T,O
2016,I,Loxodonta africana,Mammalia,Proboscidea,Elephantidae,Loxodonta,US,FR,CI,24,,ivory carvings,,P,O
2016,I,Loxodonta africana,Mammalia,Proboscidea,Elephantidae,Loxodonta,US,FR,XX,2,,ivory carvings,,E,O
2016,I,Loxodonta africana,Mammalia,Proboscidea,Elephantidae,Loxodonta,US,FR,XX,1,,ivory carvings,,P,O
2016,I,Loxodonta africana,Mammalia,Proboscidea,Elephantidae,Loxodonta,US,FR,XX,3,,ivory carvings,,Q,O
2016,I,Loxodonta africana,Mammalia,Proboscidea,Elephantidae,Loxodonta,US,FR,XX,1,,ivory carvings,,T,I
2016,I,Loxodonta africana,Mammalia,Proboscidea,Elephantidae,Loxodonta,US,FR,XX,,1,ivory carvings,,T,O
2016,I,Loxodonta africana,Mammalia,Proboscidea,Elephantidae,Loxodonta,US,FR,XX,1,,ivory pieces,,Q,O
2016,I,Loxodonta africana,Mammalia,Proboscidea,Elephantidae,Loxodonta,US,FR,XX,52,52,piano keys,,P,O
2016,I,Loxodonta africana,Mammalia,Proboscidea,Elephantidae,Loxodonta,US,GB,XX,4,2,ivory carvings,,P,O
2016,I,Loxodonta africana,Mammalia,Proboscidea,Elephantidae,Loxodonta,US,GB,XX,6,,ivory carvings,,Q,O
2016,I,Loxodonta africana,Mammalia,Proboscidea,Elephantidae,Loxodonta,US,GB,XX,2,,ivory carvings,,T,I
2016,I,Loxodonta africana,Mammalia,Proboscidea,Elephantidae,Loxodonta,US,GB,XX,3,,ivory pieces,,Q,O
2016,I,Loxodonta africana,Mammalia,Proboscidea,Elephantidae,Loxodonta,US,GB,XX,104,,piano keys,,P,I
2016,I,Loxodonta africana,Mammalia,Proboscidea,Elephantidae,Loxodonta,US,GB,XX,318,160,piano keys,,P,O
2016,I,Loxodonta africana,Mammalia,Proboscidea,Elephantidae,Loxodonta,US,GB,ZA,1,,ivory carvings,,P,O
2016,I,Loxodonta africana,Mammalia,Proboscidea,Elephantidae,Loxodonta,US,IE,XX,1,,ivory carvings,,P,I
2016,I,Loxodonta africana,Mammalia,Proboscidea,Elephantidae,Loxodonta,US,JP,XX,92,54.5,ivory carvings,,Q,O
2016,I,Loxodonta africana,Mammalia,Proboscidea,Elephantidae,Loxodonta,US,KE,XX,,5.07,ivory pieces,kg,S,W
2016,I,Loxodonta africana,Mammalia,Proboscidea,Elephantidae,Loxodonta,US,KR,XX,33,,ivory carvings,,Q,O
2016,I,Loxodonta africana,Mammalia,Proboscidea,Elephantidae,Loxodonta,US,LU,XX,48,,ivory carvings,,Q,O
2016,I,Loxodonta africana,Mammalia,Proboscidea,Elephantidae,Loxodonta,US,MX,XX,1,,ivory carvings,,P,O
2016,I,Loxodonta africana,Mammalia,Proboscidea,Elephantidae,Loxodonta,US,MZ,,50,,ivory pieces,,S,I
2016,I,Loxodonta africana,Mammalia,Proboscidea,Elephantidae,Loxodonta,US,NA,,2,,tusks,,H,W
2016,I,Loxodonta africana,Mammalia,Proboscidea,Elephantidae,Loxodonta,US,NG,XX,1,,jewellery - ivory ,,P,I
2016,I,Loxodonta africana,Mammalia,Proboscidea,Elephantidae,Loxodonta,US,NG,,1,,jewellery - ivory ,,P,I
2016,I,Loxodonta africana,Mammalia,Proboscidea,Elephantidae,Loxodonta,US,NG,,6,,jewellery - ivory ,,T,I
2016,I,Loxodonta africana,Mammalia,Proboscidea,Elephantidae,Loxodonta,US,NG,,3,,ivory carvings,,P,I
2016,I,Loxodonta africana,Mammalia,Proboscidea,Elephantidae,Loxodonta,US,NG,,1,,ivory carvings,,T,I
2016,I,Loxodonta africana,Mammalia,Proboscidea,Elephantidae,Loxodonta,US,NL,KE,52,,piano keys,,P,O
2016,I,Loxodonta africana,Mammalia,Proboscidea,Elephantidae,Loxodonta,US,NO,XX,1,,ivory carvings,,P,O
2016,I,Loxodonta africana,Mammalia,Proboscidea,Elephantidae,Loxodonta,US,NZ,XX,104,88,piano keys,,P,O
2016,I,Loxodonta africana,Mammalia,Proboscidea,Elephantidae,Loxodonta,US,PL,XX,4,,ivory carvings,,P,O
2016,I,Loxodonta africana,Mammalia,Proboscidea,Elephantidae,Loxodonta,US,SA,XX,6,,ivory carvings,,P,I
2016,I,Loxodonta africana,Mammalia,Proboscidea,Elephantidae,Loxodonta,US,TR,XX,3,,ivory carvings,,Q,O
2016,I,Loxodonta africana,Mammalia,Proboscidea,Elephantidae,Loxodonta,US,UG,XX,1,,ivory pieces,,S,W
2016,I,Loxodonta africana,Mammalia,Proboscidea,Elephantidae,Loxodonta,US,UG,,1,,bone pieces,,S,W
2016,I,Loxodonta africana,Mammalia,Proboscidea,Elephantidae,Loxodonta,US,VN,XX,100,100,ivory pieces,,S,W
2016,I,Loxodonta africana,Mammalia,Proboscidea,Elephantidae,Loxodonta,US,XX,,1,,ivory carvings,,P,O
2016,I,Loxodonta africana,Mammalia,Proboscidea,Elephantidae,Loxodonta,US,ZA,XX,22,,jewellery - ivory ,,P,I
2016,I,Loxodonta africana,Mammalia,Proboscidea,Elephantidae,Loxodonta,US,ZA,,52,,piano keys,,P,O
2016,I,Loxodonta africana,Mammalia,Proboscidea,Elephantidae,Loxodonta,US,ZW,,26,,tusks,kg,P,W
2016,I,Loxodonta africana,Mammalia,Proboscidea,Elephantidae,Loxodonta,UY,AR,,,52,piano keys,,,O
2016,I,Loxodonta africana,Mammalia,Proboscidea,Elephantidae,Loxodonta,VN,DE,XX,,1,ivory carvings,,T,O
2016,I,Loxodonta africana,Mammalia,Proboscidea,Elephantidae,Loxodonta,VN,GB,XX,,6,ivory carvings,,T,O
2016,I,Loxodonta africana,Mammalia,Proboscidea,Elephantidae,Loxodonta,XX,DE,XX,,8,ivory carvings,,P,O
2016,I,Loxodonta africana,Mammalia,Proboscidea,Elephantidae,Loxodonta,XX,DE,XX,,6,ivory carvings,,Q,O
2016,I,Loxodonta africana,Mammalia,Proboscidea,Elephantidae,Loxodonta,XX,GB,XX,,2,ivory carvings,,P,O
2016,I,Loxodonta africana,Mammalia,Proboscidea,Elephantidae,Loxodonta,XX,GB,XX,,2,ivory carvings,,T,O
2016,I,Loxodonta africana,Mammalia,Proboscidea,Elephantidae,Loxodonta,XX,ZM,,,7,jewellery - ivory ,,P,O
2016,I,Loxodonta africana,Mammalia,Proboscidea,Elephantidae,Loxodonta,ZA,GB,XX,,2,ivory carvings,,T,O
2016,I,Loxodonta africana,Mammalia,Proboscidea,Elephantidae,Loxodonta,ZA,IT,XX,,1,ivory carvings,,T,O
2016,I,Loxodonta africana,Mammalia,Proboscidea,Elephantidae,Loxodonta,ZA,US,XX,,1,ivory carvings,,T,O
2016,II,Loxodonta africana,Mammalia,Proboscidea,Elephantidae,Loxodonta,AR,ZW,,,417,tusks,kg,H,W
2016,II,Loxodonta africana,Mammalia,Proboscidea,Elephantidae,Loxodonta,AT,NA,,6,4,tusks,,H,W
2016,II,Loxodonta africana,Mammalia,Proboscidea,Elephantidae,Loxodonta,AT,ZW,,,24,bones,,H,W
2016,II,Loxodonta africana,Mammalia,Proboscidea,Elephantidae,Loxodonta,AT,ZW,,,267,tusks,kg,H,W
2016,II,Loxodonta africana,Mammalia,Proboscidea,Elephantidae,Loxodonta,AT,ZW,,10,,tusks,,H,W
2016,II,Loxodonta africana,Mammalia,Proboscidea,Elephantidae,Loxodonta,BE,NA,,1,2,tusks,,H,W
2016,II,Loxodonta africana,Mammalia,Proboscidea,Elephantidae,Loxodonta,BE,ZW,,,32,tusks,kg,H,W
2016,II,Loxodonta africana,Mammalia,Proboscidea,Elephantidae,Loxodonta,BE,ZW,,1,,tusks,,H,W
2016,II,Loxodonta africana,Mammalia,Proboscidea,Elephantidae,Loxodonta,BE,ZW,,1,,tusks,,P,W
2016,II,Loxodonta africana,Mammalia,Proboscidea,Elephantidae,Loxodonta,BG,ZW,,,23,tusks,kg,H,W
2016,II,Loxodonta africana,Mammalia,Proboscidea,Elephantidae,Loxodonta,CA,ZW,,,7,bones,,H,W
2016,II,Loxodonta africana,Mammalia,Proboscidea,Elephantidae,Loxodonta,CA,ZW,,,29,leather products (large),,H,W
2016,II,Loxodonta africana,Mammalia,Proboscidea,Elephantidae,Loxodonta,CA,ZW,,,116,tusks,kg,H,W
2016,II,Loxodonta africana,Mammalia,Proboscidea,Elephantidae,Loxodonta,CH,ZW,,,62,tusks,kg,H,W
2016,II,Loxodonta africana,Mammalia,Proboscidea,Elephantidae,Loxodonta,CL,ZA,BW,2,,tusks,,H,W
2016,II,Loxodonta africana,Mammalia,Proboscidea,Elephantidae,Loxodonta,CN,ZA,,10,,leather products (large),,P,W
2016,II,Loxodonta africana,Mammalia,Proboscidea,Elephantidae,Loxodonta,CN,ZA,,4,,tusks,,H,W
2016,II,Loxodonta africana,Mammalia,Proboscidea,Elephantidae,Loxodonta,CN,ZW,,,138,tusks,kg,H,W
2016,II,Loxodonta africana,Mammalia,Proboscidea,Elephantidae,Loxodonta,CN,ZW,,18,,tusks,,H,W
2016,II,Loxodonta africana,Mammalia,Proboscidea,Elephantidae,Loxodonta,CZ,ZW,,21,,tusks,kg,H,W
2016,II,Loxodonta africana,Mammalia,Proboscidea,Elephantidae,Loxodonta,DE,BW,,2,,tusks,,H,W
2016,II,Loxodonta africana,Mammalia,Proboscidea,Elephantidae,Loxodonta,DE,NA,,15,,tusks,,H,W
2016,II,Loxodonta africana,Mammalia,Proboscidea,Elephantidae,Loxodonta,DE,ZA,,4,,bones,,E,W
2016,II,Loxodonta africana,Mammalia,Proboscidea,Elephantidae,Loxodonta,DE,ZA,,6,,tusks,,H,W
2016,II,Loxodonta africana,Mammalia,Proboscidea,Elephantidae,Loxodonta,DE,ZW,,,2,leather products (large),,H,W
2016,II,Loxodonta africana,Mammalia,Proboscidea,Elephantidae,Loxodonta,DE,ZW,,,548,tusks,kg,H,W
2016,II,Loxodonta africana,Mammalia,Proboscidea,Elephantidae,Loxodonta,DE,ZW,,34,,tusks,,H,W
2016,II,Loxodonta africana,Mammalia,Proboscidea,Elephantidae,Loxodonta,ES,NA,,2,4,tusks,,H,W
2016,II,Loxodonta africana,Mammalia,Proboscidea,Elephantidae,Loxodonta,ES,ZA,BW,1,,tusks,,H,W
2016,II,Loxodonta africana,Mammalia,Proboscidea,Elephantidae,Loxodonta,ES,ZA,,2,,tusks,,H,W
2016,II,Loxodonta africana,Mammalia,Proboscidea,Elephantidae,Loxodonta,ES,ZW,,,573,tusks,kg,H,W
2016,II,Loxodonta africana,Mammalia,Proboscidea,Elephantidae,Loxodonta,ES,ZW,,13,,tusks,,H,W
2016,II,Loxodonta africana,Mammalia,Proboscidea,Elephantidae,Loxodonta,FR,ZW,,,195,tusks,kg,H,W
2016,II,Loxodonta africana,Mammalia,Proboscidea,Elephantidae,Loxodonta,GB,CA,BW,2,2,tusks,,P,W
2016,II,Loxodonta africana,Mammalia,Proboscidea,Elephantidae,Loxodonta,GB,ZW,,35,,tusks,kg,H,W
2016,II,Loxodonta africana,Mammalia,Proboscidea,Elephantidae,Loxodonta,HK,ZA,,2,,tusks,,P,O
2016,II,Loxodonta africana,Mammalia,Proboscidea,Elephantidae,Loxodonta,HU,ZW,,,218,tusks,kg,H,W
2016,II,Loxodonta africana,Mammalia,Proboscidea,Elephantidae,Loxodonta,IR,ZW,,,16.345,ivory carvings,kg,P,W
2016,II,Loxodonta africana,Mammalia,Proboscidea,Elephantidae,Loxodonta,IR,ZW,,,9.7,tusks,kg,P,W
2016,II,Loxodonta africana,Mammalia,Proboscidea,Elephantidae,Loxodonta,IT,ZW,,,530,tusks,kg,H,W
2016,II,Loxodonta africana,Mammalia,Proboscidea,Elephantidae,Loxodonta,IT,ZW,,,43,tusks,,H,W
2016,II,Loxodonta africana,Mammalia,Proboscidea,Elephantidae,Loxodonta,KW,ZW,,,5.08,ivory carvings,kg,P,W
2016,II,Loxodonta africana,Mammalia,Proboscidea,Elephantidae,Loxodonta,KW,ZW,,,13.48,tusks,kg,P,W
2016,II,Loxodonta africana,Mammalia,Proboscidea,Elephantidae,Loxodonta,LT,ZW,,,68,tusks,kg,H,W
2016,II,Loxodonta africana,Mammalia,Proboscidea,Elephantidae,Loxodonta,MX,ZW,,,6,bones,,H,W
2016,II,Loxodonta africana,Mammalia,Proboscidea,Elephantidae,Loxodonta,MX,ZW,,,17,leather products (large),,H,W
2016,II,Loxodonta africana,Mammalia,Proboscidea,Elephantidae,Loxodonta,MX,ZW,,,308,tusks,kg,H,W
2016,II,Loxodonta africana,Mammalia,Proboscidea,Elephantidae,Loxodonta,NA,ZW,,,0.225,ivory carvings,g,P,W
2016,II,Loxodonta africana,Mammalia,Proboscidea,Elephantidae,Loxodonta,NO,ZA,,2,,tusks,,H,W
2016,II,Loxodonta africana,Mammalia,Proboscidea,Elephantidae,Loxodonta,NO,ZW,,2,,leather products (large),,T,W
2016,II,Loxodonta africana,Mammalia,Proboscidea,Elephantidae,Loxodonta,NZ,FR,XX,,7,ivory carvings,,P,U
2016,II,Loxodonta africana,Mammalia,Proboscidea,Elephantidae,Loxodonta,PE,ZW,,,41.4,tusks,kg,H,W
2016,II,Loxodonta africana,Mammalia,Proboscidea,Elephantidae,Loxodonta,PK,ZW,,,1.06,ivory carvings,kg,P,W
2016,II,Loxodonta africana,Mammalia,Proboscidea,Elephantidae,Loxodonta,PK,ZW,,,4.1,tusks,kg,P,W
2016,II,Loxodonta africana,Mammalia,Proboscidea,Elephantidae,Loxodonta,PL,ZW,,8,24,leather products (large),,P,W
2016,II,Loxodonta africana,Mammalia,Proboscidea,Elephantidae,Loxodonta,PL,ZW,,,43,tusks,,H,W
2016,II,Loxodonta africana,Mammalia,Proboscidea,Elephantidae,Loxodonta,PT,ZW,,,22,tusks,kg,H,W
2016,II,Loxodonta africana,Mammalia,Proboscidea,Elephantidae,Loxodonta,RO,ZA,,4,,tusks,,H,W
2016,II,Loxodonta africana,Mammalia,Proboscidea,Elephantidae,Loxodonta,RU,NA,,,2,tusks,,H,W
2016,II,Loxodonta africana,Mammalia,Proboscidea,Elephantidae,Loxodonta,RU,ZW,,,0.48,ivory carvings,kg,P,W
2016,II,Loxodonta africana,Mammalia,Proboscidea,Elephantidae,Loxodonta,RU,ZW,,,14,leather products (large),,H,W
2016,II,Loxodonta africana,Mammalia,Proboscidea,Elephantidae,Loxodonta,RU,ZW,,,304,tusks,kg,H,W
2016,II,Loxodonta africana,Mammalia,Proboscidea,Elephantidae,Loxodonta,RU,ZW,,,2.41,tusks,kg,P,W
2016,II,Loxodonta africana,Mammalia,Proboscidea,Elephantidae,Loxodonta,SE,NA,,,2,tusks,,H,W
2016,II,Loxodonta africana,Mammalia,Proboscidea,Elephantidae,Loxodonta,SE,ZA,BW,2,,tusks,,H,W
2016,II,Loxodonta africana,Mammalia,Proboscidea,Elephantidae,Loxodonta,SE,ZW,,,46,tusks,kg,H,W
2016,II,Loxodonta africana,Mammalia,Proboscidea,Elephantidae,Loxodonta,TZ,ZW,,,3,ivory carvings,,P,W
2016,II,Loxodonta africana,Mammalia,Proboscidea,Elephantidae,Loxodonta,UA,IT,ZW,,2,leather products (large),,T,W
2016,II,Loxodonta africana,Mammalia,Proboscidea,Elephantidae,Loxodonta,UA,ZW,,,8,leather products (large),,H,W
2016,II,Loxodonta africana,Mammalia,Proboscidea,Elephantidae,Loxodonta,UA,ZW,,,77,tusks,kg,H,W
2016,II,Loxodonta africana,Mammalia,Proboscidea,Elephantidae,Loxodonta,US,NA,,33,16,tusks,,H,W
2016,II,Loxodonta africana,Mammalia,Proboscidea,Elephantidae,Loxodonta,US,NG,ZW,1,,ivory carvings,,T,I
2016,II,Loxodonta africana,Mammalia,Proboscidea,Elephantidae,Loxodonta,US,ZA,BW,10,,bone pieces,,H,W
2016,II,Loxodonta africana,Mammalia,Proboscidea,Elephantidae,Loxodonta,US,ZA,BW,3,,leather products (large),,H,W
2016,II,Loxodonta africana,Mammalia,Proboscidea,Elephantidae,Loxodonta,US,ZA,BW,2,,tusks,,H,W
2016,II,Loxodonta africana,Mammalia,Proboscidea,Elephantidae,Loxodonta,US,ZA,ZW,52,,piano keys,,P,O
